{"cameraMode":{"drawMode":0,"name":"Shaded","section":"Shading Mode"},"sceneLighting":true,"audioPlay":false,"sceneViewState":{"showFog":false,"showMaterialUpdate":false,"showSkybox":false,"showFlares":false,"showImageEffects":false,"showParticleSystems":false},"in2DMode":false,"pivot":{"x":7.797391891479492,"y":-0.8162353038787842,"z":-10.564505577087403},"rotation":{"x":0.018396778032183648,"y":0.9716776013374329,"z":-0.08078118413686753,"w":0.22131116688251496},"size":24.044301986694337,"orthographic":false}