{"cameraMode":{"drawMode":0,"name":"Shaded","section":"Shading Mode"},"sceneLighting":false,"audioPlay":false,"sceneViewState":{"showFog":false,"showMaterialUpdate":false,"showSkybox":false,"showFlares":false,"showImageEffects":false,"showParticleSystems":false},"in2DMode":false,"pivot":{"x":-1.1838356256484986,"y":0.12253088504076004,"z":0.7470430135726929},"rotation":{"x":-0.08547494560480118,"y":-0.587985098361969,"z":-0.0626734048128128,"w":0.8018974661827087},"size":0.4615592360496521,"orthographic":false}