{"cameraMode":{"drawMode":0,"name":"Shaded","section":"Shading Mode"},"sceneLighting":false,"audioPlay":false,"sceneViewState":{"showFog":false,"showMaterialUpdate":false,"showSkybox":false,"showFlares":false,"showImageEffects":false,"showParticleSystems":false},"in2DMode":false,"pivot":{"x":-1.3099626302719117,"y":1.702134132385254,"z":-1.6213353872299195},"rotation":{"x":0.06339715421199799,"y":-0.9259934425354004,"z":0.1803070604801178,"w":0.3255862593650818},"size":3.3153188228607179,"orthographic":false}