{"cameraMode":{"drawMode":0,"name":"Shaded","section":"Shading Mode"},"sceneLighting":true,"audioPlay":false,"sceneViewState":{"showFog":false,"showMaterialUpdate":false,"showSkybox":false,"showFlares":false,"showImageEffects":false,"showParticleSystems":false},"in2DMode":false,"pivot":{"x":-0.22388148307800294,"y":-4.871240615844727,"z":-2.222900390625},"rotation":{"x":0.01874486729502678,"y":0.958191454410553,"z":-0.27811211347579958,"w":0.06458718329668045},"size":16.463144302368165,"orthographic":false}