{"cameraMode":{"drawMode":0,"name":"Shaded","section":"Shading Mode"},"sceneLighting":false,"audioPlay":false,"sceneViewState":{"showFog":false,"showMaterialUpdate":false,"showSkybox":false,"showFlares":false,"showImageEffects":false,"showParticleSystems":false},"in2DMode":false,"pivot":{"x":-2.3180792331695558,"y":1.4892088174819947,"z":0.9086698293685913},"rotation":{"x":0.1529453992843628,"y":-0.5805844068527222,"z":0.11214631795883179,"w":0.7918034791946411},"size":0.9153191447257996,"orthographic":false}