{"cameraMode":{"drawMode":0,"name":"Shaded","section":"Shading Mode"},"sceneLighting":true,"audioPlay":false,"sceneViewState":{"showFog":false,"showMaterialUpdate":false,"showSkybox":false,"showFlares":false,"showImageEffects":false,"showParticleSystems":false},"in2DMode":false,"pivot":{"x":-1.0984315872192383,"y":0.5650660991668701,"z":-1.3336827754974366},"rotation":{"x":0.010224728845059872,"y":-0.9086676239967346,"z":0.022287528961896898,"w":0.4167995750904083},"size":3.3000829219818117,"orthographic":false}