{"cameraMode":{"drawMode":0,"name":"Shaded","section":"Shading Mode"},"sceneLighting":true,"audioPlay":false,"sceneViewState":{"showFog":false,"showMaterialUpdate":false,"showSkybox":false,"showFlares":false,"showImageEffects":false,"showParticleSystems":false},"in2DMode":false,"pivot":{"x":-0.6682088375091553,"y":0.42167240381240847,"z":2.1376793384552},"rotation":{"x":-0.2013521045446396,"y":0.05153914913535118,"z":-0.010608543641865254,"w":-0.9781045913696289},"size":3.3000829219818117,"orthographic":false}