{"cameraMode":{"drawMode":0,"name":"Shaded","section":"Shading Mode"},"sceneLighting":true,"audioPlay":false,"sceneViewState":{"showFog":false,"showMaterialUpdate":false,"showSkybox":false,"showFlares":false,"showImageEffects":false,"showParticleSystems":false},"in2DMode":false,"pivot":{"x":-11.35519027709961,"y":-12.432600975036621,"z":11.783455848693848},"rotation":{"x":0.3520549535751343,"y":-0.3019072413444519,"z":0.12110412120819092,"w":0.8776350021362305},"size":23.552452087402345,"orthographic":false}