{"cameraMode":{"drawMode":0,"name":"Shaded","section":"Shading Mode"},"sceneLighting":false,"audioPlay":false,"sceneViewState":{"showFog":false,"showMaterialUpdate":false,"showSkybox":false,"showFlares":false,"showImageEffects":false,"showParticleSystems":false},"in2DMode":false,"pivot":{"x":1.6950000524520875,"y":0.9290000200271606,"z":-0.9829999804496765},"rotation":{"x":-0.1347537487745285,"y":-0.6684014201164246,"z":0.12496984004974365,"w":-0.7207381725311279},"size":0.1651911437511444,"orthographic":false}