{"cameraMode":{"drawMode":0,"name":"Shaded","section":"Shading Mode"},"sceneLighting":true,"audioPlay":false,"sceneViewState":{"showFog":false,"showMaterialUpdate":false,"showSkybox":false,"showFlares":false,"showImageEffects":false,"showParticleSystems":false},"in2DMode":false,"pivot":{"x":-5.386310577392578,"y":0.26844507455825808,"z":-14.401032447814942},"rotation":{"x":0.003151598619297147,"y":-0.9873008728027344,"z":0.019734270870685579,"w":0.15759967267513276},"size":16.463144302368165,"orthographic":false}