{"cameraMode":{"drawMode":0,"name":"Shaded","section":"Shading Mode"},"sceneLighting":true,"audioPlay":false,"sceneViewState":{"showFog":false,"showMaterialUpdate":false,"showSkybox":false,"showFlares":false,"showImageEffects":false,"showParticleSystems":false},"in2DMode":false,"pivot":{"x":62.198490142822269,"y":4.019412040710449,"z":2.311392307281494},"rotation":{"x":-0.009312663227319718,"y":0.6926860809326172,"z":0.0089369285851717,"w":0.7211237549781799},"size":60.999576568603519,"orthographic":false}