{"cameraMode":{"drawMode":0,"name":"Shaded","section":"Shading Mode"},"sceneLighting":false,"audioPlay":false,"sceneViewState":{"showFog":false,"showMaterialUpdate":false,"showSkybox":false,"showFlares":false,"showImageEffects":false,"showParticleSystems":false},"in2DMode":false,"pivot":{"x":-1.3527864217758179,"y":0.7721537947654724,"z":-0.6279563903808594},"rotation":{"x":-0.24431106448173524,"y":-0.4971293807029724,"z":0.14824707806110383,"w":-0.8192663788795471},"size":4.535059452056885,"orthographic":false}