{"cameraMode":{"drawMode":0,"name":"Shaded","section":"Shading Mode"},"sceneLighting":true,"audioPlay":false,"sceneViewState":{"showFog":false,"showMaterialUpdate":false,"showSkybox":false,"showFlares":false,"showImageEffects":false,"showParticleSystems":false},"in2DMode":false,"pivot":{"x":0.8503388166427612,"y":-5.741330623626709,"z":2.4194796085357668},"rotation":{"x":-0.5892194509506226,"y":-0.1814521849155426,"z":0.137928768992424,"w":-0.7751588821411133},"size":9.336870193481446,"orthographic":false}