{"cameraMode":{"drawMode":0,"name":"Shaded","section":"Shading Mode"},"sceneLighting":false,"audioPlay":false,"sceneViewState":{"showFog":false,"showMaterialUpdate":false,"showSkybox":false,"showFlares":false,"showImageEffects":false,"showParticleSystems":false},"in2DMode":false,"pivot":{"x":-2.3169238567352297,"y":1.4044840335845948,"z":0.6066038012504578},"rotation":{"x":0.16437986493110658,"y":-0.7060136198997498,"z":0.1741291880607605,"w":0.666485607624054},"size":3.3153188228607179,"orthographic":false}