{"cameraMode":{"drawMode":0,"name":"Shaded","section":"Shading Mode"},"sceneLighting":true,"audioPlay":false,"sceneViewState":{"showFog":false,"showMaterialUpdate":false,"showSkybox":false,"showFlares":false,"showImageEffects":false,"showParticleSystems":false},"in2DMode":false,"pivot":{"x":-9.301118850708008,"y":-0.6662256717681885,"z":4.776607990264893},"rotation":{"x":-0.06927552074193955,"y":0.7708473205566406,"z":-0.08509894460439682,"w":-0.627497673034668},"size":9.336870193481446,"orthographic":false}