{"cameraMode":{"drawMode":0,"name":"Shaded","section":"Shading Mode"},"sceneLighting":true,"audioPlay":false,"sceneViewState":{"showFog":false,"showMaterialUpdate":false,"showSkybox":false,"showFlares":false,"showImageEffects":false,"showParticleSystems":false},"in2DMode":false,"pivot":{"x":-5.855359077453613,"y":1.1480627059936524,"z":0.687404453754425},"rotation":{"x":-0.0832691490650177,"y":0.6664430499076843,"z":-0.07528463751077652,"w":-0.7370564341545105},"size":1.942911982536316,"orthographic":false}